<?xml version="1.0" encoding="UTF-8"?>
<root>
  <item name="com.omnom.android.utils.activity.BaseActivity void start(android.content.Intent, int, int, boolean) 1">
    <annotation name="android.support.annotation.AnimRes" />
  </item>
  <item name="com.omnom.android.utils.activity.BaseActivity void start(android.content.Intent, int, int, boolean) 2">
    <annotation name="android.support.annotation.AnimRes" />
  </item>
  <item name="com.omnom.android.utils.activity.BaseActivity void startActivity(android.content.Intent, int, int) 1">
    <annotation name="android.support.annotation.AnimRes" />
  </item>
  <item name="com.omnom.android.utils.activity.BaseActivity void startActivity(android.content.Intent, int, int) 2">
    <annotation name="android.support.annotation.AnimRes" />
  </item>
  <item name="com.omnom.android.utils.activity.BaseActivity void startActivity(java.lang.Class&lt;?&gt;, int, int) 1">
    <annotation name="android.support.annotation.AnimRes" />
  </item>
  <item name="com.omnom.android.utils.activity.BaseActivity void startActivity(java.lang.Class&lt;?&gt;, int, int) 2">
    <annotation name="android.support.annotation.AnimRes" />
  </item>
  <item name="com.omnom.android.utils.activity.BaseActivity void startForResult(android.content.Intent, int, int, int) 1">
    <annotation name="android.support.annotation.AnimRes" />
  </item>
  <item name="com.omnom.android.utils.activity.BaseActivity void startForResult(android.content.Intent, int, int, int) 2">
    <annotation name="android.support.annotation.AnimRes" />
  </item>
  <item name="com.omnom.android.utils.activity.BaseFragmentActivity void startForResult(android.content.Intent, int, int, int) 1">
    <annotation name="android.support.annotation.AnimRes" />
  </item>
  <item name="com.omnom.android.utils.activity.BaseFragmentActivity void startForResult(android.content.Intent, int, int, int) 2">
    <annotation name="android.support.annotation.AnimRes" />
  </item>
  <item name="com.omnom.android.utils.activity.BaseListActivity void startForResult(android.content.Intent, int, int, int) 1">
    <annotation name="android.support.annotation.AnimRes" />
  </item>
  <item name="com.omnom.android.utils.activity.BaseListActivity void startForResult(android.content.Intent, int, int, int) 2">
    <annotation name="android.support.annotation.AnimRes" />
  </item>
</root>

